{
  "personalDomains": [
    "gmail.com",
    "googlemail.com",
    "outlook.com",
    "hotmail.com",
    "live.com",
    "msn.com",
    "yahoo.com",
    "ymail.com",
    "icloud.com",
    "me.com",
    "mac.com",
    "aol.com",
    "protonmail.com",
    "proton.me",
    "zoho.com",
    "fastmail.com",
    "hey.com",
    "tutanota.com",
    "tutamail.com"
  ],
  "domainAliases": {
    "vzw.com": "verizon.com",
    "vtext.com": "verizon.com",
    "verizonwireless.com": "verizon.com",
    "bloomberglp.com": "bloomberg.com",
    "bloom.bg": "bloomberg.com",
    "mail.capitalone.com": "capitalone.com",
    "email.capitalone.com": "capitalone.com",
    "capitalone-email.com": "capitalone.com",
    "cofemail.com": "capitalone.com",
    "alerts.chase.com": "chase.com",
    "chaseonline.com": "chase.com",
    "jpmorgan.com": "chase.com",
    "em.bankofamerica.com": "bankofamerica.com",
    "ealerts.bankofamerica.com": "bankofamerica.com",
    "email.americanexpress.com": "americanexpress.com",
    "welcome.aexp.com": "americanexpress.com",
    "alerts.comcast.net": "xfinity.com",
    "comcast.net": "xfinity.com",
    "facebookmail.com": "facebook.com",
    "mail.instagram.com": "instagram.com",
    "instagrammail.com": "instagram.com",
    "email.uber.com": "uber.com",
    "uber.com": "uber.com",
    "lyft.com": "lyft.com",
    "em.lyft.com": "lyft.com",
    "doordash.com": "doordash.com",
    "mail.doordash.com": "doordash.com",
    "postmates.com": "postmates.com",
    "email.grubhub.com": "grubhub.com",
    "email.aa.com": "aa.com",
    "americanairlines.com": "aa.com",
    "email.spirit.com": "spirit.com",
    "amazonses.com": "amazon.com",
    "youtube.com": "google.com",
    "apple.news": "apple.com"
  },
  "logoOverrides": {
    "capitalone.com": "https://www.capitalone.com/apple-touch-icon.png",
    "sofi.com": "https://d1kag2khia5c8r.cloudfront.net/apple-touch-icon.png",
    "vanguard.com": "https://www.vanguard.com/apple-touch-icon.png",
    "southwest.com": "https://www.southwest.com/apple-touch-icon.png",
    "spirit.com": "https://www.spirit.com/apple-touch-icon.png"
  },
  "brandColors": {
    "airbnb.com": "#FF5A5F",
    "amazon.com": "#FF9900",
    "apple.com": "#000000",
    "bloomberg.com": "#000000",
    "google.com": "#4285F4",
    "github.com": "#24292E",
    "netflix.com": "#E50914",
    "spotify.com": "#1DB954",
    "linkedin.com": "#0A66C2",
    "slack.com": "#4A154B",
    "twitter.com": "#000000",
    "x.com": "#000000",
    "stripe.com": "#635BFF",
    "uber.com": "#000000",
    "facebook.com": "#1877F2",
    "instagram.com": "#E4405F",
    "microsoft.com": "#00A4EF",
    "verizon.com": "#CD040B",
    "chase.com": "#117ACA",
    "paypal.com": "#003087",
    "aa.com": "#0078D2",
    "delta.com": "#DA291C",
    "united.com": "#005DAA",
    "southwest.com": "#304CB2",
    "spirit.com": "#FFEC00",
    "wsj.com": "#000000"
  },
  "publicSuffixes": [
    "co.uk",
    "org.uk",
    "ac.uk",
    "com.au",
    "net.au",
    "co.jp",
    "ne.jp",
    "co.in",
    "com.br",
    "com.mx",
    "co.kr",
    "com.sg",
    "com.hk"
  ]
}
